-- phpMyAdmin SQL Dump
-- version 5.2.0
-- https://www.phpmyadmin.net/
--
-- Host: mariadb
-- Generation Time: Jul 27, 2022 at 02:22 PM
-- Server version: 10.4.25-MariaDB-1:10.4.25+maria~focal
-- PHP Version: 8.0.19

SET SQL_MODE = "NO_AUTO_VALUE_ON_ZERO";
START TRANSACTION;
SET time_zone = "+00:00";


/*!40101 SET @OLD_CHARACTER_SET_CLIENT=@@CHARACTER_SET_CLIENT */;
/*!40101 SET @OLD_CHARACTER_SET_RESULTS=@@CHARACTER_SET_RESULTS */;
/*!40101 SET @OLD_COLLATION_CONNECTION=@@COLLATION_CONNECTION */;
/*!40101 SET NAMES utf8mb4 */;

--
-- Database: `lcsdb`
--
CREATE DATABASE IF NOT EXISTS `lcsdb` DEFAULT CHARACTER SET utf8mb4 COLLATE utf8mb4_bin;
USE `lcsdb`;

-- --------------------------------------------------------

--
-- Table structure for table `Class`
--

CREATE TABLE `Class` (
  `ClassID` int(11) NOT NULL,
  `CourseID` int(11) NOT NULL,
  `TeacherID` int(11) NOT NULL,
  `LocationID` int(11) NOT NULL,
  `CreatedAt` datetime NOT NULL,
  `UpdatedAt` datetime NOT NULL,
  `Enabled` tinyint(1) NOT NULL DEFAULT 1
) ENGINE=InnoDB DEFAULT CHARSET=utf8mb4 COLLATE=utf8mb4_bin;

--
-- Dumping data for table `Class`
--

INSERT INTO `Class` (`ClassID`, `CourseID`, `TeacherID`, `LocationID`, `CreatedAt`, `UpdatedAt`, `Enabled`) VALUES
(1, 1, 3, 1, '2022-07-27 14:13:45', '2022-07-27 14:13:45', 1),
(2, 3, 2, 1, '2022-07-27 14:13:45', '2022-07-27 14:13:45', 1),
(3, 6, 1, 2, '2022-07-27 14:14:24', '2022-07-27 14:14:24', 1),
(4, 5, 4, 3, '2022-07-27 14:14:24', '2022-07-27 14:14:24', 1);

-- --------------------------------------------------------

--
-- Table structure for table `Course`
--

CREATE TABLE `Course` (
  `CourseID` int(11) NOT NULL,
  `Course_name` varchar(50) COLLATE utf8mb4_bin NOT NULL,
  `Course_description` varchar(255) COLLATE utf8mb4_bin NOT NULL,
  `CreatedAt` datetime NOT NULL,
  `UpdatedAt` datetime NOT NULL,
  `Enabled` tinyint(1) NOT NULL DEFAULT 1
) ENGINE=InnoDB DEFAULT CHARSET=utf8mb4 COLLATE=utf8mb4_bin;

--
-- Dumping data for table `Course`
--

INSERT INTO `Course` (`CourseID`, `Course_name`, `Course_description`, `CreatedAt`, `UpdatedAt`, `Enabled`) VALUES
(1, 'FWF', 'Fun With Flupe', '2022-07-27 13:41:50', '2022-07-27 13:41:50', 1),
(2, 'JWJ', 'Jump With Joey', '2022-07-27 13:41:50', '2022-07-27 13:41:50', 1),
(3, 'G1', 'Grade 1', '2022-07-27 13:43:46', '2022-07-27 13:43:46', 1),
(4, 'G2', 'Grade 2', '2022-07-27 13:43:46', '2022-07-27 13:43:46', 1),
(5, 'K', 'Grade K', '2022-07-27 13:44:41', '2022-07-27 13:44:41', 1),
(6, 'G3', 'Grade 3', '2022-07-27 13:44:41', '2022-07-27 13:44:41', 1);

-- --------------------------------------------------------

--
-- Table structure for table `Location`
--

CREATE TABLE `Location` (
  `LocationID` int(11) NOT NULL,
  `Address` varchar(100) COLLATE utf8mb4_bin NOT NULL,
  `Status` tinyint(1) NOT NULL DEFAULT 1,
  `CreatedAt` datetime NOT NULL DEFAULT current_timestamp(),
  `UpdatedAt` datetime NOT NULL DEFAULT current_timestamp(),
  `Enabled` tinyint(1) NOT NULL DEFAULT 1
) ENGINE=InnoDB DEFAULT CHARSET=utf8mb4 COLLATE=utf8mb4_bin;

--
-- Dumping data for table `Location`
--

INSERT INTO `Location` (`LocationID`, `Address`, `Status`, `CreatedAt`, `UpdatedAt`, `Enabled`) VALUES
(1, '109 Xuan Hong, Phuong 12 Quan Tan Binh, HCM, Viet Nam', 1, '2022-07-27 13:36:50', '2022-07-27 13:36:50', 1),
(2, '109 Buu Long, Phuong Tan Thanh, Bien Hoa, Viet Nam', 0, '2022-07-27 13:36:50', '2022-07-27 13:36:50', 1),
(3, '123 Hoa Lan, Phu Nhuan, HCM Viet Nam', 1, '2022-07-27 13:37:58', '2022-07-27 13:37:58', 1),
(4, 'D9 Phuong Tan Kieng, Quan 7, HCM, Viet Nam', 1, '2022-07-27 13:37:58', '2022-07-27 13:37:58', 1);

-- --------------------------------------------------------

--
-- Table structure for table `Registration`
--

CREATE TABLE `Registration` (
  `RegistrationID` int(11) NOT NULL,
  `ClassID` int(11) NOT NULL,
  `StudentID` int(11) NOT NULL,
  `DOJ` datetime NOT NULL,
  `CreatedAt` datetime NOT NULL,
  `UpdatedAt` datetime NOT NULL,
  `Enabled` tinyint(1) NOT NULL DEFAULT 1
) ENGINE=InnoDB DEFAULT CHARSET=utf8mb4 COLLATE=utf8mb4_bin;

--
-- Dumping data for table `Registration`
--

INSERT INTO `Registration` (`RegistrationID`, `ClassID`, `StudentID`, `DOJ`, `CreatedAt`, `UpdatedAt`, `Enabled`) VALUES
(1, 1, 2, '2022-07-27 14:18:56', '2022-07-27 14:18:56', '2022-07-27 14:18:56', 1),
(2, 1, 3, '2022-07-27 14:19:21', '2022-07-27 14:19:21', '2022-07-27 14:19:21', 1),
(3, 1, 1, '2022-07-27 14:19:41', '2022-07-27 14:19:41', '2022-07-27 14:19:41', 1);

-- --------------------------------------------------------

--
-- Table structure for table `Student`
--

CREATE TABLE `Student` (
  `StudentID` int(11) NOT NULL,
  `First_name` varchar(50) COLLATE utf8mb4_bin NOT NULL,
  `Last_name` varchar(50) COLLATE utf8mb4_bin NOT NULL,
  `DoB` date NOT NULL,
  `Gender` char(10) COLLATE utf8mb4_bin NOT NULL,
  `Email` varchar(100) COLLATE utf8mb4_bin NOT NULL,
  `PhoneNo` varchar(15) COLLATE utf8mb4_bin NOT NULL,
  `Note` text COLLATE utf8mb4_bin NOT NULL,
  `CreatedAt` datetime NOT NULL DEFAULT current_timestamp(),
  `UpdatedAt` datetime NOT NULL DEFAULT current_timestamp(),
  `Enabled` tinyint(1) NOT NULL DEFAULT 1
) ENGINE=InnoDB DEFAULT CHARSET=utf8mb4 COLLATE=utf8mb4_bin;

--
-- Dumping data for table `Student`
--

INSERT INTO `Student` (`StudentID`, `First_name`, `Last_name`, `DoB`, `Gender`, `Email`, `PhoneNo`, `Note`, `CreatedAt`, `UpdatedAt`, `Enabled`) VALUES
(1, 'Minh', 'Ngô Tiến', '2015-05-28', 'Male', '', '0968663456', 'Ms Trang', '2022-07-27 13:59:17', '2022-07-27 13:59:17', 1),
(2, 'Bách', 'Nguyễn Hữu', '2014-01-16', 'Male', '', '0987378778', 'Ms Thương', '2022-07-27 13:59:17', '2022-07-27 13:59:17', 1),
(3, 'Nhân', 'Trần Đức', '2015-05-20', 'Male', 'ntnp180586@gmail.com', '0907723713', 'Phú Nguyễn', '2022-07-27 14:01:32', '2022-07-27 14:01:32', 1),
(4, 'Khôi', 'Vũ Đăng', '2015-10-10', 'Male', 'tuyenptt2009@gmail.com', '0983100383', 'Tuyen Pham', '2022-07-27 14:01:32', '2022-07-27 14:01:32', 1),
(5, 'My', 'Võ Ngọc Khánh', '2014-12-23', 'Female', 'phuongttn1989@gmail.com', '0909858304', 'Phuong Ngoc Tran', '2022-07-27 14:07:28', '2022-07-27 14:07:28', 1),
(6, 'Vy', 'Nguyễn Phương', '2012-06-10', 'Female', '', '', 'Xuan Nguyen', '2022-07-27 14:07:28', '2022-07-27 14:07:28', 1);

-- --------------------------------------------------------

--
-- Table structure for table `Teacher`
--

CREATE TABLE `Teacher` (
  `TeacherID` int(11) NOT NULL,
  `First_name` varchar(50) COLLATE utf8mb4_bin NOT NULL,
  `Last_name` varchar(50) COLLATE utf8mb4_bin NOT NULL,
  `Phone` varchar(15) COLLATE utf8mb4_bin NOT NULL,
  `Gender` varchar(10) COLLATE utf8mb4_bin NOT NULL,
  `Email` varchar(50) COLLATE utf8mb4_bin NOT NULL,
  `CreatedAt` datetime NOT NULL,
  `UpdatedAt` datetime NOT NULL,
  `Enabled` tinyint(1) NOT NULL DEFAULT 1
) ENGINE=InnoDB DEFAULT CHARSET=utf8mb4 COLLATE=utf8mb4_bin;

--
-- Dumping data for table `Teacher`
--

INSERT INTO `Teacher` (`TeacherID`, `First_name`, `Last_name`, `Phone`, `Gender`, `Email`, `CreatedAt`, `UpdatedAt`, `Enabled`) VALUES
(1, 'Phuc', 'Nguyen Trieu', '+84 929708166', 'Male', 'pnguyen0306@gmail.com', '2022-07-27 13:46:18', '2022-07-27 13:46:18', 1),
(2, 'Phong', 'Lam Thoai', '+84 904874648', 'Male', 'likemike2601@gmail.com', '2022-07-27 13:46:18', '2022-07-27 13:46:18', 1),
(3, 'Nguyet', 'Phan Thi Thu', '+84 898373112', 'Female', 'nguyetptt2111@gmail.com', '2022-07-27 13:49:48', '2022-07-27 13:49:48', 1),
(4, 'Quynh', 'Nguyen Thi Phuong', '+84 986350646', 'Female', ' helen.nguyenphuongquynh@gmail.com', '2022-07-27 13:49:48', '2022-07-27 13:49:48', 1);

-- --------------------------------------------------------

--
-- Table structure for table `User`
--

CREATE TABLE `User` (
  `Email` varchar(100) COLLATE utf8mb4_bin NOT NULL,
  `Name` varchar(255) COLLATE utf8mb4_bin NOT NULL,
  `Password` varchar(255) COLLATE utf8mb4_bin DEFAULT NULL,
  `Photo` blob NOT NULL,
  `CreatedAt` datetime NOT NULL DEFAULT current_timestamp(),
  `UpdatedAt` datetime NOT NULL DEFAULT current_timestamp(),
  `Enabled` tinyint(1) NOT NULL DEFAULT 1
) ENGINE=InnoDB DEFAULT CHARSET=utf8mb4 COLLATE=utf8mb4_bin;

--
-- Dumping data for table `User`
--

INSERT INTO `User` (`Email`, `Name`, `Password`, `Photo`, `CreatedAt`, `UpdatedAt`, `Enabled`) VALUES
('19522243@gm.uit.edu.vn', 'Nguyen Van Thanh', 'password123', 0x89504e470d0a1a0a0000000d49484452000000e1000000e10803000000096d2248000000ea504c5445ffffff4ac6c6dbf4f42a5083ff4e4a3cc3c342c4c4234c815a739acbeeeed9f3f3f2fbfb3ec3c334c2c2def5f586d6d6f6fcfc59cacaeaf8f8afe3e3c6ebeb9fdede96dbdbbee8e86dcfcf60cccc8ad8d81e497f003c78ff4e467fd4d4b2e4e416457d7f91ae135085ff423d486590c7cedbf1f3f69aa8beaab5c73a5c8b687ea1ccd3df315688ba4f62fa4e4befc4c6003a77dde2eab7c0d0899ab5a3b0c46350799e4f6bc54f5ed04e5a47507eaa4f66e74e52944f6d54507bb24f64da4e57907690743d66f49fa0f8afaff75f5eff3a34db7078cec2cbf4e7e9ea6f72f45353ddb6bcf2d4d6fec0bf780bc13f00000d6449444154789cdd9d797bdbb811874d3980438aa478881449db926c27ce7d38db64bb3db6c776b7db76fbfdbf4e414ab2c403c00c0890747f7f24cf9350225fce60061840c0d9997105bebd8a9374916579185a4c619867eb228997b63f377f7ba38aec78915bc4232e65b24e55fe834b08b1f222b6a3b11f5445d132c9185a83ab4b0cd42359ba7a4a98d16a6d1108dca94909098bd593705abb083d1703778249bc3071c60610cb5e50a24677a4b40a3b189b8323a7e88b7780240b7b6c98b6a2c4d2827780a4c9b422cf32f3f4e1ed21bd6c3936d64141acd37c278ccc90536891f394ba06f07672dd626c678d16daddb32eea8dca385f1871cf062329c6ea0804a961fb1d19d351da63acd873516274e3c1f96c8b0cc6578a58c37602e69937285f292f1b30e4c4030498b62819ca55fd7058073d8ae48398311928827669083346f95806dc89e48693e3664403ee44c9ca24e07af810da965718e3f3adb10db8130d0d059ce5140c58891223e93f990c209397e8075c8f1b439b220bcd7c413e8d2678949b6b1d6f44138931a7a296c678e34ccb43f7a264a60bd09e528c3995a7a9403e9d2cd192a7256baca60ba80771c2162ce5f52e1b4f1cb0bf159da903f6457c02800cd157078c2699075b22caa97f3ef6a383a5da810ba7d755eb16cdd500d74f059021ae550053bd8d70b77c86784ce5df2e6aa986544461bca82f11524a3c92af93cdca76fc288afc9963afe27491574b8934dd049ff9358551ea7a56962c39c16eeec4eb90e829a0a303aa8e28c36c976da4c96abe2aa8861a250d71808bdeb7a484acc19ee3c7796f488aaa6bf41e4f502f5be19254ffe52a1ea254dcb711ba3455e966d83dd7ac209a62bfb213b194a74fa2a28f1de1893fe9634297f69a1e0a921e8cd0ace8f768845425f5d635efb1800538cc08d5013d2d0b437ce5193c989faafba81bf618a9d5b452edd3416650d5e3a8ceb98440751e8fc89d28537c7b549b01775aaa451cf92843b5c3ad7fda32ca9556044acb366a7c9691a9e754e96d4bfaa7b1d27bd33a497222258712079bb952987133530beb662a3195889ea65069dd44a9840093cab41e4d05dfa7e415e6964630050a03558f9f31546a4f2666d46bc20f0328f79dab247be3802ae506ee304a6160dfbfa36d029137dc9fe35ba1d9367850800e379c9698e21dde60143dd51c6dc4ce703a47277bd5623a5ee821abdb654485eecc702be8b1a531b72b3ea07db4cfbc1d5a29f2fdbbedaf58625305a678a741c8b448dab55aecb8909f56cd08d965a659f30bd01d366411bdbf904dd16b66fd0469c2411be14eb83e256dc61a1cdf307d99860264a4a87fda467e7a701f2db5423d64631d31b24b3a828f964245c34628c4659ba1e3e841b8ae4d2d25229d948ef5f35c94abd5dc14e7a4643312202e29d6c650c85431162072fc438f9fc3ad72eee8100d26d418961c9710e34686a3640a95473d1925a2e6d3c63421b296f4680b5cf9625413e2fa6e8fc50c545f61bc40ba1366c9ebe36c0a2a5750e1fd0710a2493de60b049fb0643e8c50d596dd47508db735ec1a5c98a8b12f0d63ea17eda1f3f042f4bff7711f33f8758171e6ddcd8b17372fc10ffdb2bcfc0178f106eea6fb6130664ce2c1fadc379f2f2f2e2eafde029ff9ed5579f9e71bd8d58882cbdee5107e0d74d25757e795b6b067bed9ee2ebf7a0543cce10f4c90afc4724115c4fb3d207b6688e73d1c2fbf0711229a551518316343c1dce389be6c0f8fbc8558e5d5f1f22f2042c4135763444c7e814d541c1ff912e2a63797a81772866957d5be36881e4dab42d7add747c2ef00977f77247c0d238437c4aa578369b7b01f519d342c48c278896bb667a82154e9757040cb833dc0d9f3bd552ede802e7f73b1b73834bb60fa28b83a2b74e0747f5e215e6e613679d8ee2e3f87855254cd8d04a8fc09ef75df5c6db7576fa14f7cffb6bc1c98f0990254bac0845ec47cdafdbb77503e85cbe12328163a56f0643152a5bb43f08e26eba3c4886431857d1a2bc183298d315da0912b3427829b85a570c4eb98c0d8702f7865894547789766fc02c6a3e0e191756a32e8b556bf9f8a6815a2489f213a6db0a1d32042a4fc1c41686673262521ba293926794e673371046188209c4ec2c7541443c4d062fc52e9a33035530ce174f6f53745f87f6f43329b4d8511458888a5fecc9908232ad2a0086733c79fc200034588c8f82561c9087d8e97376f9f4374f33bcce817499823faa57b422650507d785fce464074b985164af1846c40049f173f1242ccf8b0bd38870b3a6581275c23c687474226696b7c8f0184974ad18429628c5f2374249e7a9cbb800954ff57214c1005811ae1cc11e78de738139e9f5f18228c11b5b63aa104f13d12f07c6b86d05d220a020d4271bcc19ad014211bd4c287cb4d4221e20b2ce27b33846cc8079fb768118a1cf53536d240e6e11408cb1f0543afed20142122094d658b72cd10b8dbd64128407c8542bc788101441096f387e0826917213f2f065d0df176a7f67f0067f0d184d51c3038217612ceb8e5a92f572dbcafdf3e7cfffbef3f7cfbda84044ea52a1096355e70bae8269c7103eaf3cb1adf0f1f3e5e1ff4f1c71f6a8c57ef0c1156155070658e43c86d8af7277e7a7bfbe1fafad951d7d77f3841dca2022986705779e969c399c3eb851f572cdc7efd78ca5731fef1d18cc8308321acd64481a71b79847c3ffdf2790ff8a7265fa53fef102fb6d801f0d91c385ed84f9741c74f5c427eca785d59f1f6c74ec067d715e205703dc389a2193078eca7cba093715c427e3c6501f5820bf8ecd94725c0c077a084fb9507d035c27c42be9f9e3d9c6fbb5db432e25f6eb76fb02e1a39ec7e50c2bd77c1004584dc60c3def85f7fe60132c4bfa106bea59801e18487df2f017b3502428111cfce3e5ddf71f8eebec19711efdf97b3bb1d8cf071ad3eb0218a08054664fafbdd5ddb53afefbe7f8dadbd46ce0c43f8b8000898f34584422332fdf48f9f6b90d77777bffc135d5b3e0042098f332db0bab790506c44a65f7ffad7c7bb83fefdcb7fd0399035c1e3fb84111e97c7c032a2901032a111fcfadba74ffffdf4e9b77ba59981538f01119e2c1e017ab59050db8928004020e1e9b4bc061bca0aa83a01a1363cf938285f486c687696bf712f0861ed77c0a045b71242a32b351ab70611d67e0a1a40cac23242836edabc33cc86b5af80b8a984d0a09b3ee6410c6163c32f90d52584c6a2e9bc0908226c2ee1d2604369d25754d00284d9b0f13580a42fb5a1a1550c1d770210b6d68a02faa65242330d3152236caffe91576bc621ecf0510861c78266794a94121a0935ddef524ad8b52f427f1b9a08355d3e0ab261c777497fa52727d49ff33b7d1440d879dabc74df44b997ea0fa69c5bca093bdd49b689f008841c134a09393f2b90258c1108b9557609216f29aca4732a27d49d2e782694117277ea9218717842ee0d2584fce358c4461c9c906b4209a1e0d420b1110727ecce857242d1827461381d9c906b4231a1f017e7c2c5354406a899906f4209a1b06b9508d2fed084a26912412f5a76108bc8867caf3141c88f33ec46821d5c64bf03151c2941969272a2af9550e0a4339f3fcb2d3f5a963f4ea489608ad48f7c7bb9b26ddbefd7b1897c877d49d93b12ce03719f12b089ba604638e7f58323275e5bd5d194d5299556b1521a65384946bcc397842b87390587901f6800670509ce7b72375d77f4a34d46ea6789504232ecce7c7e41ebdfe2d23cb5bb197d6ed70472de9370aecd69ddd0f763abeba84d4a2ccc4f4efdce63f3a8976f3a18f99114b80f3e7f4d2dcd67cdf2fa32e43b0cf804a8a0e01eb54632bb55f0767877049f0fc8f7531ad6eee73bc2a3b528f0788fa5e8bc1c4ad2ba197d87bb3d3bcc474b097678778b4300607fc5b2a37c2027b1490f20abbd569f790d378ec2cf6a10adb0a1749d2c19a5b32a42f97c0ef564af5568c0c3b7a4b3eab5b23fec35ffd93a8f7ce048b8c33ba52ea5e51fd2272b457251db0816a05512ecb5c64bdb5ea5b9e03436dc91c01a4fac16b5c60df8c42a4aab83a00557b8c82db87b1cf3d87e3a77d3d5dd0f3654e3c1d8d8f380d50eb7e2caa569738ad84ea9d2196f3ca1cf74ee7f24705de501c8c9ca8e4a39cb24f3f49c55fd287987bb2dcd67abef9a92b73b5b5defc1ea96ea590d1aa38d69a91ecba4e3f4f141a47c2cd37cec27078a86ca935e7dcfe71e48b4c79cd74c6f4035a37e7bae60f6071f495ecfc558aaa7e70e2695445897e6ccaf5bb8eef61344d401386947edefa23bd95345ec1b648ec29dd2329428d55863573978d8b468a87571cb7c727d5437d7bd3e4950011a43268eca563bcbdd90cc1cb43c9dc4484d6de1e84f24ded0d0dc8e63b2f2f420f2f88b493468c39d42194ad4f4895a513e6e4c25b9f9dd1b9311cd48e1b34b7de4f3a70c0d4b3c07a253b1e6722e4c031970a7281b3ea87ad9b0fba72e2dadb30e529170f87d9a93015d958eb39778900e14552949c6da52745e0c60474a8a3137308e1686ed48bd62ec6d6fe7a96b2ee6b86e3a850da883981a7156f6adf114b6f4adb4ec5cb4d58fcf432f8d33ab28b1341a92992f19bbf975c8295c2d900caf98ce310c0dd98bbe4d927d7e312def6cc92e420fb85caa4de785c9748e9810285aad2de47a8b729d46a8b8b4782445cb6a493364599ecbaecbd2e504238b5c911d2f728b01544bfd1a46a3159a9517b1fd24e14e14f8f62a4ed24596e561b55c2e0cf36c5d24f1d28e06c8e8ff03aff91158aa8d61f60000000049454e44ae426082, '2022-07-27 13:30:13', '2022-07-27 13:30:13', 1),
('hoangvanhung6876@gmail.com', 'Hoang Van Hung', 'password123', 0xffd8ffe000104a46494600010100000100010000ffdb0084000a070816161518151512191818181a1a1818191a1a181819191c1818191a1a18181e1c212e251c1e2b1f1a1a2638262c2f343535351a243b403b343f2e343531010c0c0c100f0f1c12121e3421242b343f343634343431343136343131343431343431363f343434343434343134313434343f3434343f3f31343131313434343affc000110800e300de03012200021101031101ffc4001c0001000105010100000000000000000000000103040506070208ffc400441000010204020608020608060301000000010002031121310412054151617191060722324281a1d152f0136292b1c1e114237282a2b2c2d21516535473a33343b324ffc4001801010101010100000000000000000000000001020304ffc4001d110101010100020301000000000000000000011102315112214103ffda000c03010002110311003f00ebcf766a046bf2d0dd1edcb5174637354dd018dcb53c1439b98cc5bd94b1d9a878a8738b4c85904b9d9a838a35d946537f747372d47046b66331bfb2031b96a78287373198b7b2963b350f150e716990b20973b3507146bb28ca6feea22c9a0b86abf094ff0005c9ba0dd328cfc686622339ecc44c343a5286f3da606fc20f765b5cd41d698dcb53c1416cce616f652d39a878a87120e516f7412e39a838a96b80194dfdd43c65a852d682331bfb2086372d4f0505b33985bd94b4e6a1e2a1c483945bdd04bce6a040e90cbaedcd1e32d42874b29738ca40927500dd67920960cb7d685b339b55f92e43a17a5d1e3e94638c67fd0c579608449c81843843ec583a7949379ceb25d78ba472eab734073b35071463f2891ba39b96a38231b984cdd018dcb53c1416e63985bd94b1d9a878a82eca728b7ba0973b3507146ba4329bfba39b96a38235b3198dfd9018dcb53c11c2751c11a7350f147195071410c665a9e1447333547aa349750db9239c5a642c825cecd41c6a8d765194dfdd1ed955b7b6d46b411337410d6e5a9e1442dcc730b7b234e6a3ad7d8a5ce20c85901c735071aa35d946537f747372d5bc36a35a0899ba0c6e9f8a616171113e183108e21848f50be7786e2d20b490e6905a45c16998237821775eb03125ba3f104eb6b583f7dec67dce2b8420fa27a3da5462f0d0a33685cded8d4d7b7b2f6f9381f292a3a53a5984c34db1710dce2ec64def13dad6ccb7ce4b8661b4ce221c27406467b21bdc5ee6b4e5249001ed0aca4d14064563c041d623f5a905a4fd161a23f54dee643077d331f4589c4f5b112736e0d82b6311c7ee685cf55be21d596c41d2075bf14d1d828646e8ae6fdec2b33a3badac2b84a2c08d0feb0cb11a3910efe15c65107d29a13a4386c409c0c431e6556032883f698e939be61607ad0d2df458530da7b78926181ac300fd61e12937f7d7096b8821c090e06608241076822a0ef598c7e968d88c8634573cb1991a5d521b326a75999b9a990d88274345c98880fb658b0dde41ed257d219a432ebb6eaaf989d6325f4ce15e1ec644d6e635fcc02107b6b72d4f0a2166633164612ea3adc91ce2d3216412e39a838d51aeca329bfba3db2ab6f6da8d682266e821adcb53c2885b33985bd91a7351dc7623890728b7ba0971cd41c6a8d32a1e34478cb51ee8c6e6abafc900bb35071aa0765a1f4473436a2fcd1ad06aebf2410d6e5a9e1442dcc730b6fdc8c25d475b9239c4190b73412e39a838d51aeca329bfba3c06d45f9a35a0899ba086b72d4f0a216663987aee469cd477b297388321641a4f5b78b0304d6d7f591a1b7935effe90b8caea9d72c40198660f13e23fec35adfeb5cad011110159bccc92aea21902ad1011110157c3c4d5c95040505eafa0fa22f2fc1619e4cff530c1da4b181a7d415f3d31d3135dcbab4c41768f820f85d11878088f97a10836c73b35071aa35d97b27d37a39a1b517e68c682266fc90435b96a78510b731cc2dec8d25d475b929738832164071cd41c6a8d765194dfd2a8f196a3dd1ad044cdd0435b96a78514913a8e1550c39bbdec8e25b46db9a035b96a78511cccd51ea8d24d1d6e48e71064db73412e766a0e3546bf2f64fccd1c00ab6fcd1ad044dd7e4821adcb53c2885b9bb43e648d99a3adcaaa5ce20c85901cecd41c6a8d7e5ec9f99a3801ddbf346b411375f920e4bd70ba51f0ecf861bddf6de07f42e7ab76eb62217639a0f86030737c43f8ad2501111051c41a2a0ab624d42a2808888088882b619d71e6bb4f545889e0e233e18ef038398c3f792b89c23da0baff00538f061625badaf6387ef308fe841d19adcb53c288e6e6ed0f9923493475b92171064db73412e766a0e3546bf2f64fccd1c00ab6fcd1ad044cdf92086b72d4f0a216e63985bd91a67475b9297120c85be6680e766a0e35469cb43c688e12eefba35a0d5d7e480e766a0e28d7e5a147002adbf346806aebf2410d6e5a9e085b9bb43e64a5a49ef5b928248326db9a0973b3507140ecbd9f9aa3801ddbf3a200089bafcb82086b72d4f042dcdda1f3252d24f7adc941241936dcd0714eb49f9b1efdd0e18f427f15a7adbbad003fc41f2f821ff205a92022220b48c7b45785ea21a9e2bca02222022220965c715d63a9a9cf15b07d0bbffafb2e4ecb8e2bab75344e6c56c2204f84e2a0ea4e766a0e3540fcbd93f3347002adbf3468044dd7e4821adcb53c10b3376be688d24f7adcaa849064db73412e766a0e281d97b3f3547003bb7e74468044cdf970a2086b72d4f0a292dcd51c1434cfbd6e4a5c48a36dcd040665a9aea52599aa288d24f7adbe8a1c483d9b6eaa092ecd414d681d97b3f3547003bb7dd5a2340226ebefa208032d4d757cf242ccddaf9a23093deb6fa550920c9b6e7c5049766a0a6b40ecbd9f9aa3801ddbeead11a011375f7d10710eb39b2d20f1f521ff00205ae68ec387bc31c642a4ed32160b63eb389fd3df3f821ff205aac2885ae0e170661067f11a1187b84b0fda1eb5f558ac4e8c88cf0e61b5b5f4b85b3408a1ed0f16227f92a8839db8d4f128b74d29a3e1bd8e739a038349ce284484e64eb1c569d0d93049d43d507846b49320264d80a93c155c2b039ec6b8c839c013b01325bc61b08c8624c606efd6789b941abe1340c57d5c0307d6ef7d91f8c965e1f47a106c8e671f8a72970029ce6b30b1fa6b19f470c907b4eecb789b9f215e4834f7332bcb673cae227b646535d53a9a776b14368823d632e50cb8e21757ea640cd8bdb2832e338c83a806e5a9aea42ccddaf9a296927bd6df45049064db6eaa092ecd414d681d97b3f3547003bb7dd5a2340226ebf24101b96a6ba90b3376be688c24f7adbe9547120c85be66824bb350535a039686bad1c25ddbeeaa3403debefa201766a5b5a07e5a5d1c00eedf7551a01ef5f7d10406e5adf521666ed5bf246127bd6df4aa1267d9b6ea84133cd4b6bf9e681d97b3f354748776fbab446812ed5f7df72080dcb5bea42ccddaf9a23093deb6fa550933ecdb75420e25d67ba7a41e7ea43fe40b515b775a12ff00107cbe087fc816b7a3f01123bc4384ccef209026d6d05eae2020a30e3bdb46bdcd1b0123ee5eff004b89fea3fed3bdd663fc9d8dff006fff00642fef4ff27637fdbffd90bfbd4f94f6d7c7af55ad45c53ddd97447b86c2e711c895ec364d96e2b2d17a258c86d73df86706b6a48731e46f931c4c87058b758f049752cb3cacd576e3a20a08affb6ef75458c2486b412499000124936000a93b96c0de8563c89fe8a6bb624207cc17d12d909cdbe230dfa7c5ff005627db77baa516339e66f7b9c7eb127ef59fff0024e3ff00db7fd907fbd3fc938fff006dff00641fef4f94f6bf1ebd56bccb8e2babf534ded628ec104fac55cae2c3731ee63849cc716b850c9cc710e13143505751ea5e24dd8a96c819b84e35fd5565d53366a5b5a0765ecdff0034748776fbaa8d025dabefa14101b96b7d48599bb5f3446127bd6df4aa1267d9b6eb6f4124e6a5b5a0765ecfcd51d21ddbeead11a04abdef5dc820372d6fa932e6adb523667bd6df452e98eedb75500332d6fa93266ad91b3f15b7a3a73ecdb72066cd4b6b40ecbd9bfe68e9786fbb623652ed5f7dd0406e5adf57cf24cb9bb5f34464fc56dfb51d39f66dbadbd04939a96d681d97b37fcd1d2f0df76c46ca5dabefba0e21d67b65a41e3ea43fe40a975772fd3980eb63c0fb33fc0aabd674ff004f7cfe087fc816bfa231e6047871809e478711b5b67b4716923cd4b3635cdcb2bbbfd18d89f46362f3878cd7b1af63839af01cd22c4113057b7b801326402e2f56a320d8b4ee92741591c97c17084f33cc25363a7ae43baede2fb35ad962691166b493cbf35e7f498bfe9fa3bdd26cf075275f5587e8c7446161466efc5224e88e1296d0c1e01ea7595b20605667151054c3a7072a90b4830de6df51cd2edf24c9322eb20d8bc3da24aa2c4f4934b370d01f18dd824c1f13cd18de72f204a62efed710d367ff00d388ff009e37ff0047ae87d48bbb58c1b5b871eb1fdd72f73892493326a49b926a49f35d43a91967c66dcb879719c7b2eef157580dcb5bea4cb9bb56fc94b67e2b6f50673ecdb75904939a96d699b2f66ff9a3a5e1beed88d94bb57df74101b96b7d4997376bd382327e2b6fda8673a77775b7a0927352dad03b2d2fad1d2f0df72365e2bef40cd9a96d6a73e5a5d43e5e1bee464bc57de8232e5adf56c4cb9bb56fc9193f15b7ed4339f66dbac82679a96d7b7e6e99b2d2fbf8a3a5e1beed88d94bb57df7dc8232e5adf56c4cb9bb56fc9193f15b7ed5adf49fa6587c1cdb9be922ca909844c7ed9b3071aec050735eb3dd3d20f3f521ff00205a92c8e9ed2efc5477c77b5ad73a432b279435a24d15a932d7af75963906f7d5f7498308c2c67498e3faa71b35ce35613b09a8de48d625d2dec04488a1baf9e4ae83d0fe9b650d818a7d0483229d4353621febe7b563ae7f63b71dfe56fce8795a72344f52b6cf1be11e9eeaf8381a83306a08a820eb0a5737758678df08f4f7576f80d357344fe79af73deadf198d643639ef78631a26e7b8c804d4c558f183412480002492640015249d4b8af4d7a49fa5c50d61fd4c32727d7758c4237d80d43890ae3a61d31762670a14d902759d1d125adc35376379ec1a9ae9cf39f75c7fa77bf505d43a906f6f1676370e7d63fb2e5eb62e8674adf8088f736187b226411184c9c430ba458eb0233ba8448eebadb8be87cd9a96d7b53365ecdff3587d01d24c3e3199f0f126e122f867b31193f8dbb27ac4c1d4566192976afbee822596b7d5b3e6c993376adbb82327e2b6fda8e9cfb36dd6de827366a5b5ed4cd97b3ebc51d2f0df76c46ca55ef6fbee411972d6fab6265cd5b6ada8c9f8adbd4ba7e1b6e40cb96b7d5b13266adbd51b3f15b7a3a73ecdb7208cd9a96d7b533e5ecdf7f152e9786fbb62c5e92e916170c0fd3e221b5c3c33ceff00b0d9bbd1064e596b7d5b3e6cacf49e918301863478ad86c1b6e48f0b40ab8ee026b43d2dd693007370d05ce7583e2f6580fc4180973b812d5ce34a6938b8879891e239eed53b341f0b1a28d1b820dc7a53d63c58f38786060c3a82ff00fdaee047fe31c26778b2d0c9d7acd49d649b93bd42202222022220cc689e93e270cdcb0a20733fd3782f60fd9a82df232dcb2c7acdc46bc3c29f178f49ad45528b0e7517fbd4bccadceba9e2b6e8bd64e248ecc184d3b4e777a660b5ad31a6e3e25c1d1a2170156b07658dded68d7bcccd6eb1ea12732784bdf57cd1111564445599076a060e33d8f6be139cc734cdaf692d737cc7ddad754e8cf5933cb0f1d434023b1b43be2305bf69b4dc173201107d2f0310d8ad0e639ae638666b9a439ae1b88a15533e5ecdf7f15f3de80e91e2306ecd05f2693374374cc37711a8ef122ba3e8aeb430ef90c4427c276b70fd6b3f8467fe12837dcb96b7d5b14e5cd5b6ee0ac745e97818813851e1c41b1ae048e2dbb7cc2bd339d3bbe9bd03366a5b5ed4cd9697d7b14ba5e1bee46cbc57de819b352dad60ba4dd28838160cfdb7baac86d2333b79f85a3e23e5334577d23d30cc2e1df1dd5cb46b450bdc68d60e26fb002752e038cc5c5c4c67447b8be23cf90d8d6fc2d02c3500832ba6fa658bc4920c530d87c10c96365b1ce1da7f9996e0b0f86d1f11fdc8665b4f6473375b0603453218cce939fb4d87ec8fc6eaf9d1c715713584c3f47cf8e201b9b5f53ecaf3fc0a17d6e39bf2574e8e7551787389b944d63a36826786211c4077dd258e8fa35edb0cc36b7daeb6044c35a9a85b2e2706c7f7857e2143f9ac3e2746bd951da1bae3885175648888a22220a6f860f1545d088d4ae94a0b2c8761e4bd36113aa4aed009d054a0a6c86071555ad24c8099d82aafb0da35c6af3946cd7f92c9c182d609344bef3c4ab89ac4c2d1af379378d4f20ae99a29badc4f090f7591444d589d18cfadc66ada2e8b70eeb81dc68565d10d6b8e86f610e939a459c26083b9c16dbd1deb0b138721b15c7110ac43cfeb1a36b5f73c1d3e215a158ec668e04666091f8751e1b0a62ebbb686d2d0711084580fccd3422ce69b96bc6a70fcc4c2c865cd5b6a5f3f7457a40fc147111b3730c9b159a9ec9ea1f1b6a41e22c4aef706387b5af847331cd0e696d882260f2214572beb7748131e16181ecb19f48ed85ef25adf30d69fb6b5bd010c35a5e454d1bb80bf33f7274e7139f1f8974e727fd1fd86b58473695ef46c561635ad7098151ae7ae9c558957ef792bc222ac8888808888088882db138163ea448ed143e7b562b11a29edeef686ea1e4b3c8a2eb547b48322083b0d1795b5bd80d08046f13541d80867ff0058f2a7dc98bad6d54870dcea35a4f00b62660a18b436f989fdeab812a04c4d616068871abccb70a9e760b21070ed6775b2dfaf9aba5e5cd435e1111541111011110111106174ac1caecc2cebf1175d4faa6d2e5d867c175e0bfb35f0449b9a3ed07f949734d2b11a5a1a1c3303390aea339ec5b2f54d8e6b313158eeebe166aed63da07a442b2d46c1d28eaf062223e3e1e2063de4bdcc78258e71b90e156ccd4d0d49b2e71a63a3f89c29fd7c17306a78ed30ec93db4f2323b97d10e20f76fba894949c019dc11398457cdf0348bdbaf30d8eafadd6420e9761ef02d3cc7a57d1756d2dd00c1c69930cc171f1422195bd5922c3ca7bd695a53ab0c4b26ec3c46476d640feaddc244969e330898c6438ad755ae07819af6b5fc7e8c8f873fae83121cbc4e690df278ec9f22bcc2d2311be398df5f5baba98d8916221e98f899e60fe07dd5cb34a433725bc47b4d0c5f22a4cc431d67b4f9855554111101111011110111107973578554ab78b8960bc46cf8cfee41ed158bf49b05a678097dead9fa55de1601c6beca2e32ea945c431bde701bb5f25838b8c79bbc81ba83d15f68be8e62b11583867b9a7c6464671cef934f914d313174a8f0367bcd02b08f8c7bbbce90d82816ffa2baac7ba4711886b76b210cce97edba401fdd2b79d0bd11c1e1a45901a5e3c713b6f9ea209a37f7405171c7b4374431789939904b187c7126c67113199c37b415d3fa21d0487852e88f8862c473729a65634121c4345493302a4eab0aadb9b31deb6faa974cf76dba88a16e5a8aea40ccd52a1a08abadcd1c09336db92035d9a869ad0bf2f67e6aa5c41eedf92348024ebf3410e6068db3a106cb038ee85e063cdcfc2b1ae359c39c333da724a7e7359e6823bd6e754209336db920e738beaae1389fa1c54466b93dad88384c653f7ad7f1dd5a63184e430a20d595e58e3e4e000fb4bb3b883ddbf24690049d7e683e7cc674531b0fbf838bfbadfa41cd85c162a235f0cc9c1ec3b1c1cc3eb25f4bb411deb73aa888ccdaa6df4df4283e6c6e39e2d11dce7f7aaadd251078e7e4df65f4062f42616277b0905e7eb43613cc8560fe87600893b070c1faa0b78774841c4069589f5792f5fe2efd8de47dd7633d5f68fbbb0a4708b1c7a07aa6eeae747933101f2ff00962fe2f44c720ff177ec6f23eebc9d2b1368e4bb11eaef479b40713ff2c6fef5561740b4736f85ed6f8919dc2ef210c7157691887c7e8df6549f8c7eb88ee72fb977a81d10c0b6f8285fbcc0ff00e69abe81a1e030ce1e1a1307d4870db6e0115f3c40c3448bdc86f89fb0d7bff941597c2f43b1ef965c1bc4fe3cb0f98790577e7198937d28808948f7bf1d5541c7b0bd57628d6245850c6e2e7bb90007f12d8f46f55986003a2c68910eb0dcb0d87c84ddfc4b7d6822aeb734209336db920c468be8d612111f458586d22cf233bfedbe6ef55972fcbd9bfe6a5c41eedf9511a401275f9a016e5a8aea40dcddaf9a23411deb7350412662dcb8d1003b350d35a99e5a0aeb4719f76fc91ae028ebf341ea3dbcd2077511053c35fcbd92377b92220f788b79fba983dde68883c61efe4a2377b92220f788b79fba985dde68883c61efe4a2277f92220f788b0e2a617779fe288829e1ee78244ef72fc11107bc4587152ceef91fc511079c3dcaf2feff0098fc1110548f6f3481dde688829e1afe5ec91bbdc91107bc45bcd4c2eef344414f0f73c123dfc94a20ffd9, '2022-07-27 13:33:52', '2022-07-27 13:33:52', 1),
('vuphan000@gmail.com', 'Vu Phan', 'password123', 0x89504e470d0a1a0a0000000d494844520000012a000000a90803000000abb780df00000090504c5445ffffff0a76b60074b50070b30069b0f8fcfedeecf4f9fafc91b9d82f82bc0c76b40979b81076b2006cb2d6e3eef4fafc438ec00070b1b5d1e5007cb9e9f2f80071af90bbd9abcbe266a1cc7bacd1b9d4e7006dafd1e4f09fc5dec9deedc1daea73a9d04c96c6579bc73889c087b4d65f9ec9a0c6df74aed388b6d64e99c7318fc43987bad8eaf40781bb0077af65a5cee25ab051000008fd49444154789ced9d6d57a33c108621d8ae4de3420af4c5be52acba6aedffff770fd05629cc84507d0e4eccfd61cf7a4e9a36d79984c96432388e959595959595959595959595959595959595f9ea2f6f3bd3b2dff5e85b6832b8f13ad44d3aea9a80aea637cced54ec66d635033d1deeba0595ebeea16b0a3afaeb75cd2913f3fe76cd41435bd935a75c72d3358766f969c70bd5512ce81a44b3fac39f816ad0eb9a44a32c2a6d5954dab2a8b4655169eb8ba8387739f3642656fcff288b0a2225593a9d659a6e8341c85841ec0a5cc6a3e2cc9d2dfc534f3dbfbf188da70379c665519548c96451ebd05f8c777bef48cba2fa20b543c6178db6a16c350fcd46c5d95631bcfe3295aebe69198e2a54872ffd51c2635d5846a3e2deb2b1f375c2b9d08265342a771069747f9fc65a6b96c9a838db69f5ef8fc358c3b08c46e58d75bf2161cdac8c4105cc217e77affd1de3e38a653c2a5e5619558b68f8226d9a8406a0ca76c02ef3ee6eee6405562b548eff4faa1777235079c3e964b5584c36e1bc3cda76a81ce7c953b2228f8a73c626e731f44621fb5c72daa2721ee72a56f45179895f6aeb4fe7ee79b4ad513923d51ca48e8a7bdb4aeb27791e6d7b54ce24c659d146c5b9ac7b99dbf834da2b5039239c15715432a8fffc880b71352ae711f5af48a3e26ce003ed9f4f667515aad3a70158945171367c03db67cea47b352ae7109b880ad9b8a447bffb4a547e00b3228c8a7bcfc80776427c0195b3d88353902e2ace12eca7cfbe86ca798ca1a59d30aa61fd28e624352aff79d534e61d3405c9a25205830f6a5441fc6fa21e757f2f845b6545151567804775d64b032a2ee2401dca5a02de155554aebb42db4742f904f4032632a399aae2eebda03e0389a2e2728ab75f9e566505aacca197a1cab0d667979f3c2a17763e0bf9d942239a50e59a63ce46ae6d6d06d244c5a522e1fe4908e5763943750a97ca293ef885acb2a28a0a37aa6cfa35a2126756a86b96fbb195e58a262a450af9e30729352ab738bd50b05a0f8f3b49daa8b844bdcffb587c5883062a28de755620e85b95c2a75a8823292d54052b7423e94c2adb1b8aa8dcf90469e9bf88d20ad388aa8035c7aeaf457b03500d31eff1291642b444c5f7586f874b979d222a86b99ff74351761c3550158763d872b58aa9a3e2d8fcf35fc5c5035e0b55ce6a8df4f74e1d95cb9019b32ccfbe36a8b0a7c4ee62734310154be06651fa7ee935eaa1ca592166fa382ca3a7878a4b246b6a594d65d14785dcf48b3ce2a83c7869f10351090668a252ac56297154125eaa56a1a8b8d7baa8329f1679a66eca764a10550affe2a72aa916a838925fbbcca35674ad0ab180dc53a812d04785ccc0fb7224861c2aeedd828db2f9578df16aa3ca26f506ecf42d268d0ad9b32d6bf3af0d2a96829dfa6129104310157cfeb0f9122a3e846f98ec4b939a1e2a24009ab440e5d65aba2ebc58bd947aa5862afbd9e0c32a7a055079e05ccd1e00b5832bcc61df1146e5ba4328a5cae9bfd756f5cc00c18a37fd1040856c0166e2d35ba0868abb21886a51372a2c016402354582a1b7250fc414542b68fc2eb8586f6b0e18ee2dfc1a54208095a84fd55f8f0af4c27b01d8f217a182d6aa3ced27acba1653c8a8b0278091a8de2054b959ed2f8e0c7bd3f73c0ba6de1079023e9046051fd744298c2a8335fe64bb7a6102668af85553c2a8b25f0c6f4102f0365fc16a305b443dc7ef4f927ce070063f125a4828fb55dc830fe10fa0b51c6f55c65cbcbc0c86bc7cf45c119284b4a7ecadf3399c413646ee88166cc4f95fac910b63e885a45121e9b26b60bb5282f529b009726cda8f6947163660a368805ed36e24856dac9d755c7a5cd2438544e14e0e1348a2b8dfcc79dd47f8105210e5b1dc2739542e8fe1238311b0b5d314c74e6167c4517970183402c250baa83ce4783928f90a145149e41ac40378334647f0b542c7f12f6a7a1044859d6ff6f757ce40f4687f74f15425880a89836666c5ae322bce4324b5e662a922880a2ff5d20f71774085ca7b84fbfbf3caa9a3621ba4e1f21a549c058895bed1cfda632932b65ea257dfec520cbbd8f4105247956d03911c9f3c6ad57665c7b3b1fd947edaaca2dad984a97c76001497d5ea1f1fbaafa4b65144953d04d1c28c0f8a4a25102a8697e3abee9468a29270364cae83d45faf38677835ccb76a6a0d4d542ee609397945095d563929fc06d8ac1a2f25894a5d7070a3ac4255ee450ef00aabd1bb30e1e6569e9188f80bb9c6b2b1c460d187873954b966b54330aaa89073bba3d6a1228c77ee812b5f77f4564bc2258a2a5fad54d589a383a736accca4f69873560838d5a08a0a8d2f9c74ff52ade7583628d7e30fca71df8bba334b14553e05d54525fc49cae25a44bdf8834977d650311b4a6ca08bca4d1b6a39fb932d63bc7260e332e6a5e3a637233e43890d5451e55370d3fcc9f1762fbd0c583e6a9e519a0f83d95af1dc3b6a754c6c3005555e6256e34d90bd68b59c6d8334577018affb8d9c3ef24aabab1c61549c2b7ced4bf5fcc8f77ddd91c2794584511597d3346ca4b5c6c23854aa6bc75fd0e81d26451a55ee317cfbcb584f77e5a0bc22daa8dcb96ea17e4dbdedd1c422d2a88a8a12dfcaaabfc76cca0054e23b59f5719ba28eea9bed6aa122451e55c16af33ddfb38edf15a48c4025e4b7f8574ba624451f5501ab929d7e8d7a87b96af69981ea58b2eb8b0bd62255a41f9b858acba429b2a2506f1c36923202d511563cbcdab05641332853509dae3dbceabf38aadcfd46c3a40c42750a766ef172bd88a2e7bce22aeea31b88aa602598f8d70a56062a3e9b54d3c1a139a88e99e9820f8389ae97b53aec435d5046a1fabcf6903e35c7cf9db765120a7d5086a1fab87c14c7192d85f3102d96c97bcccf9cf4f2660c43f5018c31be0f66a37e541d9e1fadc6bb34e45a2bb9f9a84ebc441c8769327d7a5e4e46b91ec7b3cd36d8673677bc6fd33269d46454a76b805cba199d4c4272218013f65f8fea042c8f2a7f9e2d1747a7d75dc4311ed537caa2d29645a52d8b4a5b1695b648a00abba65488022a27fd1956855c70fe517af0bac6944bf13eb49fa328fc0166c5e012473f4d93bbae41b9ec4e99bcfd7334625e9786c598376c1d8aee4ad16d7277d399bc644c62f69df5a743753d762b2b2b2b2b2b2b2b2b2b2b2b2b2b2b2b2babff5fff0155c9d442523f4fc50000000049454e44ae426082, '2022-07-27 13:33:52', '2022-07-27 13:33:52', 1);

--
-- Indexes for dumped tables
--

--
-- Indexes for table `Class`
--
ALTER TABLE `Class`
  ADD PRIMARY KEY (`ClassID`),
  ADD KEY `CourseID` (`CourseID`),
  ADD KEY `TeacherID` (`TeacherID`),
  ADD KEY `LocationID` (`LocationID`);

--
-- Indexes for table `Course`
--
ALTER TABLE `Course`
  ADD PRIMARY KEY (`CourseID`);

--
-- Indexes for table `Location`
--
ALTER TABLE `Location`
  ADD PRIMARY KEY (`LocationID`);

--
-- Indexes for table `Registration`
--
ALTER TABLE `Registration`
  ADD PRIMARY KEY (`RegistrationID`),
  ADD KEY `Registration_ibfk_2` (`ClassID`),
  ADD KEY `StudentID` (`StudentID`);

--
-- Indexes for table `Student`
--
ALTER TABLE `Student`
  ADD PRIMARY KEY (`StudentID`);

--
-- Indexes for table `Teacher`
--
ALTER TABLE `Teacher`
  ADD PRIMARY KEY (`TeacherID`);

--
-- Indexes for table `User`
--
ALTER TABLE `User`
  ADD PRIMARY KEY (`Email`);

--
-- Constraints for dumped tables
--

--
-- Constraints for table `Class`
--
ALTER TABLE `Class`
  ADD CONSTRAINT `Class_ibfk_1` FOREIGN KEY (`CourseID`) REFERENCES `Course` (`CourseID`),
  ADD CONSTRAINT `Class_ibfk_2` FOREIGN KEY (`TeacherID`) REFERENCES `Teacher` (`TeacherID`),
  ADD CONSTRAINT `Class_ibfk_3` FOREIGN KEY (`LocationID`) REFERENCES `Location` (`LocationID`);

--
-- Constraints for table `Registration`
--
ALTER TABLE `Registration`
  ADD CONSTRAINT `Registration_ibfk_2` FOREIGN KEY (`ClassID`) REFERENCES `Class` (`ClassID`),
  ADD CONSTRAINT `Registration_ibfk_3` FOREIGN KEY (`StudentID`) REFERENCES `Student` (`StudentID`);
COMMIT;

/*!40101 SET CHARACTER_SET_CLIENT=@OLD_CHARACTER_SET_CLIENT */;
/*!40101 SET CHARACTER_SET_RESULTS=@OLD_CHARACTER_SET_RESULTS */;
/*!40101 SET COLLATION_CONNECTION=@OLD_COLLATION_CONNECTION */;
